-- MySQL dump 10.13  Distrib 8.0.17, for Win64 (x86_64)
--
-- Host: localhost    Database: simple-framework
-- ------------------------------------------------------
-- Server version	5.7.27-0ubuntu0.18.04.1

/*!40101 SET @OLD_CHARACTER_SET_CLIENT=@@CHARACTER_SET_CLIENT */;
/*!40101 SET @OLD_CHARACTER_SET_RESULTS=@@CHARACTER_SET_RESULTS */;
/*!40101 SET @OLD_COLLATION_CONNECTION=@@COLLATION_CONNECTION */;
/*!50503 SET NAMES utf8 */;
/*!40103 SET @OLD_TIME_ZONE=@@TIME_ZONE */;
/*!40103 SET TIME_ZONE='+00:00' */;
/*!40014 SET @OLD_UNIQUE_CHECKS=@@UNIQUE_CHECKS, UNIQUE_CHECKS=0 */;
/*!40014 SET @OLD_FOREIGN_KEY_CHECKS=@@FOREIGN_KEY_CHECKS, FOREIGN_KEY_CHECKS=0 */;
/*!40101 SET @OLD_SQL_MODE=@@SQL_MODE, SQL_MODE='NO_AUTO_VALUE_ON_ZERO' */;
/*!40111 SET @OLD_SQL_NOTES=@@SQL_NOTES, SQL_NOTES=0 */;

--
-- Table structure for table `customer`
--

DROP TABLE IF EXISTS `customer`;
/*!40101 SET @saved_cs_client     = @@character_set_client */;
/*!50503 SET character_set_client = utf8mb4 */;
CREATE TABLE `customer` (
  `id` int(10) unsigned NOT NULL AUTO_INCREMENT,
  `firstname` varchar(35) COLLATE utf8mb4_unicode_ci NOT NULL,
  `lastname` varchar(35) COLLATE utf8mb4_unicode_ci NOT NULL,
  `email` varchar(255) COLLATE utf8mb4_unicode_ci NOT NULL,
  `created_at` datetime NOT NULL DEFAULT CURRENT_TIMESTAMP,
  PRIMARY KEY (`id`)
) ENGINE=InnoDB AUTO_INCREMENT=14 DEFAULT CHARSET=utf8mb4 COLLATE=utf8mb4_unicode_ci;
/*!40101 SET character_set_client = @saved_cs_client */;

--
-- Dumping data for table `customer`
--

LOCK TABLES `customer` WRITE;
/*!40000 ALTER TABLE `customer` DISABLE KEYS */;
INSERT INTO `customer` VALUES (1,'Igor','Karanovic','igor.karanovic@live.com','2020-07-09 23:52:38'),(2,'John','Doe','john.doe@blic.net','2020-06-11 23:55:53'),(3,'Martha','Wilson','m.wil@yahoo.com','2020-06-25 23:55:53'),(4,'Leanne','Graham','Sincere@april.biz','2020-07-08 01:06:11'),(5,'Ervin','Howell','Shanna@melissa.tv','2020-06-28 01:06:11'),(6,'Clementine','Bauch','Nathan@yesenia.net','2020-06-22 01:06:11'),(7,'Patricia','Lebsack','Julianne.OConner@kory.org','2020-06-22 01:06:11'),(8,'Chelsey','Dietrich','Lucio_Hettinger@annie.ca','2020-06-10 01:06:11'),(9,'Mrs.','Dennis','Karley_Dach@jasper.info','2020-07-02 01:06:11'),(10,'Kurtis','Weissnat','Telly.Hoeger@billy.biz','2020-06-25 23:55:53'),(11,'Nicholas','Runolfsdottir','Sherwood@rosamond.me','2020-07-02 01:06:11'),(12,'Glenna','Reichert','Chaim_McDermott@dana.io','2020-06-12 01:06:11'),(13,'Clementina','DuBuque','Rey.Padberg@karina.biz','2020-06-11 01:06:11');
/*!40000 ALTER TABLE `customer` ENABLE KEYS */;
UNLOCK TABLES;

--
-- Table structure for table `order`
--

DROP TABLE IF EXISTS `order`;
/*!40101 SET @saved_cs_client     = @@character_set_client */;
/*!50503 SET character_set_client = utf8mb4 */;
CREATE TABLE `order` (
  `id` int(10) unsigned NOT NULL AUTO_INCREMENT,
  `customer_id` int(11) unsigned NOT NULL,
  `date` date NOT NULL,
  `country` varchar(60) COLLATE utf8mb4_unicode_ci NOT NULL,
  `device` varchar(60) COLLATE utf8mb4_unicode_ci DEFAULT NULL,
  `created_at` datetime DEFAULT CURRENT_TIMESTAMP,
  PRIMARY KEY (`id`),
  KEY `fk_order_customer_id_idx` (`customer_id`),
  CONSTRAINT `fk_order_customer_id` FOREIGN KEY (`customer_id`) REFERENCES `customer` (`id`) ON DELETE CASCADE ON UPDATE NO ACTION
) ENGINE=InnoDB AUTO_INCREMENT=101 DEFAULT CHARSET=utf8mb4 COLLATE=utf8mb4_unicode_ci;
/*!40101 SET character_set_client = @saved_cs_client */;

--
-- Dumping data for table `order`
--

LOCK TABLES `order` WRITE;
/*!40000 ALTER TABLE `order` DISABLE KEYS */;
INSERT INTO `order` VALUES (1,13,'2020-06-25','Cyprus',NULL,'2020-07-10 01:52:56'),(2,13,'2020-06-11','Sweden',NULL,'2020-07-10 01:52:56'),(3,11,'2020-06-20','Croatia',NULL,'2020-07-10 01:52:56'),(4,12,'2020-06-22','Slovenia',NULL,'2020-07-10 01:52:56'),(5,10,'2020-07-08','Romania',NULL,'2020-07-10 01:52:56'),(6,4,'2020-06-12','Luxembourg',NULL,'2020-07-10 01:52:56'),(7,6,'2020-06-11','Estonia',NULL,'2020-07-10 01:52:56'),(8,7,'2020-06-29','Latvia',NULL,'2020-07-10 01:52:56'),(9,7,'2020-06-29','France',NULL,'2020-07-10 01:52:56'),(10,9,'2020-06-21','Bulgaria',NULL,'2020-07-10 01:52:56'),(11,3,'2020-07-02','Latvia',NULL,'2020-07-10 01:52:56'),(12,12,'2020-06-26','Czech Republic',NULL,'2020-07-10 01:52:56'),(13,8,'2020-06-18','Greece',NULL,'2020-07-10 01:52:56'),(14,8,'2020-06-19','Germany',NULL,'2020-07-10 01:52:56'),(15,7,'2020-06-17','Malta',NULL,'2020-07-10 01:52:56'),(16,3,'2020-06-19','Poland',NULL,'2020-07-10 01:52:57'),(17,11,'2020-06-30','Ireland',NULL,'2020-07-10 01:52:57'),(18,8,'2020-06-12','Belgium',NULL,'2020-07-10 01:52:57'),(19,3,'2020-06-18','Latvia',NULL,'2020-07-10 01:52:57'),(20,12,'2020-07-07','France',NULL,'2020-07-10 01:52:57'),(21,9,'2020-06-21','Estonia',NULL,'2020-07-10 01:52:57'),(22,2,'2020-06-14','Finland',NULL,'2020-07-10 01:52:57'),(23,12,'2020-07-03','Croatia',NULL,'2020-07-10 01:52:57'),(24,2,'2020-06-18','Lithuania',NULL,'2020-07-10 01:52:57'),(25,9,'2020-06-16','Poland',NULL,'2020-07-10 01:52:57'),(26,10,'2020-06-16','Denmark',NULL,'2020-07-10 01:52:57'),(27,7,'2020-06-17','Luxembourg',NULL,'2020-07-10 01:52:57'),(28,12,'2020-07-08','France',NULL,'2020-07-10 01:52:57'),(29,5,'2020-07-06','Malta',NULL,'2020-07-10 01:52:57'),(30,7,'2020-07-02','Slovenia',NULL,'2020-07-10 01:52:57'),(31,5,'2020-07-06','Malta',NULL,'2020-07-10 01:52:57'),(32,11,'2020-06-24','Portugal',NULL,'2020-07-10 01:52:57'),(33,13,'2020-06-12','Denmark',NULL,'2020-07-10 01:52:57'),(34,4,'2020-06-10','Slovenia',NULL,'2020-07-10 01:52:57'),(35,13,'2020-06-24','Germany',NULL,'2020-07-10 01:52:57'),(36,9,'2020-06-18','Slovenia',NULL,'2020-07-10 01:52:57'),(37,4,'2020-07-08','Ireland',NULL,'2020-07-10 01:52:57'),(38,5,'2020-06-19','Luxembourg',NULL,'2020-07-10 01:52:57'),(39,12,'2020-07-10','Cyprus',NULL,'2020-07-10 01:52:57'),(40,9,'2020-06-12','Czech Republic',NULL,'2020-07-10 01:52:57'),(41,2,'2020-06-21','Luxembourg',NULL,'2020-07-10 01:52:57'),(42,7,'2020-06-22','Italy',NULL,'2020-07-10 01:52:57'),(43,4,'2020-07-03','Germany',NULL,'2020-07-10 01:52:57'),(44,2,'2020-06-13','Estonia',NULL,'2020-07-10 01:52:57'),(45,1,'2020-06-16','Sweden',NULL,'2020-07-10 01:52:57'),(46,8,'2020-06-11','Hungary',NULL,'2020-07-10 01:52:57'),(47,13,'2020-07-08','United Kingdom',NULL,'2020-07-10 01:52:57'),(48,13,'2020-06-26','Slovenia',NULL,'2020-07-10 01:52:57'),(49,12,'2020-06-21','Malta',NULL,'2020-07-10 01:52:57'),(50,7,'2020-07-07','Germany',NULL,'2020-07-10 01:52:57'),(51,9,'2020-06-25','Austria',NULL,'2020-07-10 01:52:57'),(52,7,'2020-06-28','Finland',NULL,'2020-07-10 01:52:57'),(53,5,'2020-06-13','Italy',NULL,'2020-07-10 01:52:57'),(54,13,'2020-07-04','France',NULL,'2020-07-10 01:52:57'),(55,6,'2020-06-10','Germany',NULL,'2020-07-10 01:52:57'),(56,5,'2020-06-27','France',NULL,'2020-07-10 01:52:57'),(57,6,'2020-07-05','Portugal',NULL,'2020-07-10 01:52:57'),(58,1,'2020-07-06','Italy',NULL,'2020-07-10 01:52:57'),(59,7,'2020-06-26','Estonia',NULL,'2020-07-10 01:52:57'),(60,10,'2020-06-20','Bulgaria',NULL,'2020-07-10 01:52:58'),(61,1,'2020-06-15','Hungary',NULL,'2020-07-10 01:52:58'),(62,10,'2020-07-06','Luxembourg',NULL,'2020-07-10 01:52:58'),(63,7,'2020-06-22','Estonia',NULL,'2020-07-10 01:52:58'),(64,13,'2020-06-16','Slovak Republic',NULL,'2020-07-10 01:52:58'),(65,6,'2020-07-06','Poland',NULL,'2020-07-10 01:52:58'),(66,10,'2020-07-01','Slovak Republic',NULL,'2020-07-10 01:52:58'),(67,13,'2020-07-07','Malta',NULL,'2020-07-10 01:52:58'),(68,13,'2020-07-05','Romania',NULL,'2020-07-10 01:52:58'),(69,5,'2020-06-27','Ireland',NULL,'2020-07-10 01:52:58'),(70,7,'2020-07-01','Spain',NULL,'2020-07-10 01:52:58'),(71,10,'2020-06-25','Belgium',NULL,'2020-07-10 01:52:58'),(72,9,'2020-06-30','Italy',NULL,'2020-07-10 01:52:58'),(73,8,'2020-06-20','Greece',NULL,'2020-07-10 01:52:58'),(74,5,'2020-06-29','Netherlands',NULL,'2020-07-10 01:52:58'),(75,4,'2020-07-09','Cyprus',NULL,'2020-07-10 01:52:58'),(76,5,'2020-06-20','Malta',NULL,'2020-07-10 01:52:58'),(77,12,'2020-06-22','Bulgaria',NULL,'2020-07-10 01:52:58'),(78,11,'2020-06-22','France',NULL,'2020-07-10 01:52:58'),(79,1,'2020-07-02','Austria',NULL,'2020-07-10 01:52:58'),(80,12,'2020-07-09','Malta',NULL,'2020-07-10 01:52:58'),(81,9,'2020-06-11','Finland',NULL,'2020-07-10 01:52:58'),(82,4,'2020-07-07','Poland',NULL,'2020-07-10 01:52:58'),(83,3,'2020-06-29','Slovak Republic',NULL,'2020-07-10 01:52:58'),(84,11,'2020-06-30','Malta',NULL,'2020-07-10 01:52:58'),(85,13,'2020-06-27','Slovak Republic',NULL,'2020-07-10 01:52:58'),(86,3,'2020-06-11','United Kingdom',NULL,'2020-07-10 01:52:58'),(87,5,'2020-06-28','Germany',NULL,'2020-07-10 01:52:58'),(88,6,'2020-07-08','Latvia',NULL,'2020-07-10 01:52:58'),(89,7,'2020-06-28','United Kingdom',NULL,'2020-07-10 01:52:58'),(90,7,'2020-06-29','Finland',NULL,'2020-07-10 01:52:58'),(91,3,'2020-06-14','Portugal',NULL,'2020-07-10 01:52:58'),(92,12,'2020-07-01','Slovak Republic',NULL,'2020-07-10 01:52:58'),(93,1,'2020-06-13','Denmark',NULL,'2020-07-10 01:52:58'),(94,8,'2020-06-12','Malta',NULL,'2020-07-10 01:52:58'),(95,4,'2020-06-10','Malta',NULL,'2020-07-10 01:52:58'),(96,1,'2020-06-25','Romania',NULL,'2020-07-10 01:52:58'),(97,3,'2020-06-20','Lithuania',NULL,'2020-07-10 01:52:58'),(98,10,'2020-06-20','France',NULL,'2020-07-10 01:52:58'),(99,8,'2020-06-26','Spain',NULL,'2020-07-10 01:52:58'),(100,1,'2020-07-02','Finland',NULL,'2020-07-10 01:52:58');
/*!40000 ALTER TABLE `order` ENABLE KEYS */;
UNLOCK TABLES;

--
-- Table structure for table `order_items`
--

DROP TABLE IF EXISTS `order_items`;
/*!40101 SET @saved_cs_client     = @@character_set_client */;
/*!50503 SET character_set_client = utf8mb4 */;
CREATE TABLE `order_items` (
  `id` int(10) unsigned NOT NULL AUTO_INCREMENT,
  `order_id` int(11) unsigned NOT NULL,
  `ean` varchar(13) COLLATE utf8mb4_unicode_ci NOT NULL,
  `quantity` smallint(6) unsigned NOT NULL,
  `price` float unsigned zerofill NOT NULL,
  PRIMARY KEY (`id`),
  KEY `fk_order_items_order_id_idx` (`order_id`),
  CONSTRAINT `fk_order_items_order_id` FOREIGN KEY (`order_id`) REFERENCES `order` (`id`) ON DELETE CASCADE ON UPDATE NO ACTION
) ENGINE=InnoDB AUTO_INCREMENT=307 DEFAULT CHARSET=utf8mb4 COLLATE=utf8mb4_unicode_ci;
/*!40101 SET character_set_client = @saved_cs_client */;

--
-- Dumping data for table `order_items`
--

LOCK TABLES `order_items` WRITE;
/*!40000 ALTER TABLE `order_items` DISABLE KEYS */;
INSERT INTO `order_items` VALUES (1,1,'6192273691029',3,000000148.16),(2,2,'7760941579606',1,000000059.68),(3,2,'4008174042439',3,000000209.91),(4,2,'1920211061219',2,000000058.44),(5,2,'6429837403260',3,000000210.73),(6,3,'1552746819187',1,000000069.65),(7,3,'8598826074584',3,000000169.07),(8,3,'7960038022300',3,0000000212.9),(9,3,'6338550705989',2,000000076.05),(10,4,'9854525404289',2,000000071.98),(11,5,'5063186143560',3,000000067.21),(12,5,'8420150346892',2,000000216.03),(13,5,'3562584389978',3,000000164.02),(14,5,'9997372882230',1,0000000139.1),(15,5,'7017521036790',1,000000149.01),(16,6,'4816449633904',1,000000188.58),(17,7,'2784850437393',2,000000172.55),(18,7,'3175666661257',1,000000086.02),(19,7,'5424556384214',2,000000133.72),(20,7,'9132122183489',1,000000179.78),(21,8,'2442705409071',2,000000165.92),(22,8,'5231698893302',1,000000194.17),(23,9,'9331115264596',2,000000178.97),(24,9,'8765563204943',3,000000053.13),(25,9,'9406192986516',1,000000029.05),(26,9,'9951521824916',2,0000000025.6),(27,9,'1108159018700',2,000000173.54),(28,10,'6925608159244',2,000000196.81),(29,10,'2649710104847',3,000000055.41),(30,10,'8374724368420',2,000000061.58),(31,10,'8735312575155',1,000000076.67),(32,11,'6407401637034',3,000000214.82),(33,11,'3968407103317',2,0000000146.6),(34,11,'1677819639982',2,000000139.46),(35,11,'5018351254704',1,000000082.29),(36,12,'3913789348076',1,000000204.91),(37,12,'1040855483278',1,000000175.56),(38,12,'1026255224388',2,000000186.52),(39,12,'6974664651834',3,000000158.36),(40,12,'8686196992329',3,000000111.01),(41,13,'8778027042180',2,000000218.67),(42,13,'4247548573434',2,000000018.48),(43,14,'6604404545669',1,000000156.34),(44,14,'6230946413237',2,000000000165),(45,14,'8503644121804',3,000000024.57),(46,14,'9028738191319',2,000000015.05),(47,15,'3011511227792',1,000000034.25),(48,15,'4766720626725',1,000000069.64),(49,16,'4683203028124',1,000000047.02),(50,16,'6078986743299',2,000000013.94),(51,16,'7273402602099',1,000000104.54),(52,17,'7302581630538',3,000000027.28),(53,18,'4918785274941',3,000000099.04),(54,18,'2113697474262',2,000000071.84),(55,19,'4562547404471',3,0000000201.9),(56,19,'9412070962372',3,000000104.31),(57,19,'3325828439580',1,000000188.72),(58,19,'8335860742943',2,000000179.46),(59,19,'7305707563625',1,000000110.41),(60,20,'2287667611561',3,000000145.13),(61,21,'1470065275512',1,000000073.86),(62,21,'8506938092970',1,000000078.95),(63,21,'6130550505828',1,000000096.57),(64,21,'8799123147309',2,000000189.39),(65,21,'3900954187759',3,000000023.38),(66,22,'6760007195248',3,000000049.54),(67,22,'6381377245576',2,000000098.48),(68,22,'7324097459379',2,000000118.23),(69,23,'5355586063134',2,000000023.06),(70,23,'6199556403944',3,000000117.91),(71,23,'2141859674612',1,000000111.53),(72,24,'7323797625099',3,000000000193),(73,24,'4208451226404',2,000000139.73),(74,24,'6753217346509',2,000000023.26),(75,24,'8288288285880',2,000000029.04),(76,25,'6287781709588',3,000000043.75),(77,25,'7571023019893',3,0000000165.1),(78,25,'9588443232859',1,000000152.98),(79,25,'1615016971851',2,000000028.97),(80,26,'8348705998258',1,000000137.24),(81,26,'8430139271640',3,000000123.85),(82,26,'8858260942119',1,000000208.92),(83,27,'1963838543052',2,000000221.32),(84,27,'3208521284640',3,000000059.52),(85,27,'2397971085377',3,000000195.44),(86,27,'3353346590009',1,000000193.87),(87,27,'1715905205822',1,000000015.06),(88,28,'1951309154099',1,000000039.44),(89,28,'3808256775076',2,000000182.15),(90,28,'1816139244127',1,000000095.37),(91,29,'5086286511174',1,000000193.39),(92,29,'5264116539062',1,000000060.05),(93,29,'4113831214196',1,000000142.77),(94,29,'3883864501665',2,000000060.54),(95,30,'5945506767416',1,000000193.32),(96,30,'5847538266837',2,000000171.87),(97,30,'1103433219922',2,000000078.84),(98,30,'4890197848408',3,000000074.06),(99,30,'3801647311605',2,000000000198),(100,31,'8469421925321',3,000000034.29),(101,31,'6093676388660',2,000000086.03),(102,32,'5292667386237',2,000000214.44),(103,33,'1791159438155',2,000000221.41),(104,33,'1610773474226',1,000000195.75),(105,34,'5311470520625',3,000000030.25),(106,34,'1986282361134',1,000000145.69),(107,35,'4611141715579',3,000000163.52),(108,36,'5691556666943',2,000000151.94),(109,36,'3533713372893',3,000000016.27),(110,36,'5182342408018',2,000000106.89),(111,36,'4582671598700',3,000000154.86),(112,36,'6673728089508',1,000000119.69),(113,37,'7038661292447',2,000000135.43),(114,37,'2025855689166',1,000000173.11),(115,37,'6506834784888',3,000000077.84),(116,37,'7517277960995',2,000000117.68),(117,38,'7596194529920',3,000000027.46),(118,38,'2671839878880',3,000000058.65),(119,38,'7069945781432',3,000000093.77),(120,38,'8772617428494',3,000000135.23),(121,39,'6419028681555',2,000000179.67),(122,39,'5149306103757',3,000000050.78),(123,39,'2573940557216',2,000000126.42),(124,39,'3844416936389',1,000000150.13),(125,39,'6128430525346',2,000000114.64),(126,40,'5264082343819',1,000000128.64),(127,40,'3217942320558',3,0000000089.1),(128,41,'1828730347644',1,000000217.86),(129,41,'5918627967190',1,000000048.52),(130,41,'9558934422719',3,000000097.64),(131,41,'5805545204044',1,000000085.54),(132,41,'1432692191191',3,000000184.04),(133,42,'7124912776454',1,0000000163.9),(134,42,'7238225416835',3,000000096.41),(135,42,'8259926144450',3,000000028.89),(136,42,'3484312077364',1,000000147.07),(137,42,'4178175689563',2,000000164.99),(138,43,'3100733973689',2,000000211.21),(139,43,'4503171227461',1,000000038.08),(140,44,'7189762276920',3,000000022.57),(141,44,'5422395042310',2,000000095.07),(142,44,'9255340862326',3,000000118.84),(143,44,'1946173352187',2,000000020.42),(144,45,'4459753672581',3,0000000065.2),(145,46,'8767316702191',2,000000043.67),(146,46,'4797315204801',2,000000119.36),(147,46,'8858259749529',1,000000189.32),(148,47,'1612083328669',1,000000206.86),(149,48,'1976125530562',2,000000184.56),(150,48,'7984714568584',2,000000019.26),(151,48,'5374744511551',3,0000000190.9),(152,49,'6881947189377',1,000000016.79),(153,49,'1814034369665',2,000000194.67),(154,50,'6071018149201',1,000000191.16),(155,51,'1151023742290',3,000000200.47),(156,51,'6942982153047',1,000000216.07),(157,51,'7678198222778',1,000000122.31),(158,51,'1240171715215',2,000000093.28),(159,51,'6149578785641',2,000000197.27),(160,52,'5201183399092',1,000000138.92),(161,52,'2439715359810',2,000000218.45),(162,52,'5809851844987',1,0000000203.6),(163,52,'4089640428017',3,0000000046.2),(164,52,'1201825641894',1,0000000120.8),(165,53,'6128387494102',3,000000032.18),(166,54,'2315936711922',3,000000181.85),(167,55,'3971264708461',3,000000122.01),(168,55,'6229283100096',2,000000055.36),(169,55,'4108396494262',1,000000169.82),(170,55,'2230556361660',1,000000055.23),(171,55,'5892756381722',3,000000124.53),(172,56,'3325723312683',3,0000000017.1),(173,56,'4673271327751',2,000000181.24),(174,57,'4203711996960',1,000000069.75),(175,57,'4097769089748',3,000000173.47),(176,57,'5040886295498',3,000000082.96),(177,57,'2625900239690',1,000000057.25),(178,57,'8615984635794',2,000000193.49),(179,58,'1963893440518',1,000000019.13),(180,59,'5757060144297',2,000000220.18),(181,59,'6257257695420',2,0000000023.5),(182,59,'4968309706405',1,000000162.48),(183,59,'7031587096971',3,000000118.16),(184,59,'3317328567490',3,000000128.05),(185,60,'4308342344531',1,000000066.24),(186,60,'5078101443616',3,000000097.68),(187,60,'6732860234200',1,000000106.61),(188,60,'6711995614452',1,000000201.09),(189,60,'2989705285333',3,000000048.11),(190,61,'6900219795940',2,000000160.11),(191,62,'8942502523407',2,000000100.68),(192,62,'4842655930560',2,000000044.84),(193,62,'1484512076262',2,000000083.53),(194,62,'7241113870119',1,000000112.87),(195,63,'9140732735883',1,000000095.88),(196,63,'3483150501285',2,000000138.23),(197,63,'3463944411522',2,000000147.04),(198,63,'2096498663369',1,000000071.62),(199,63,'8968732240452',3,000000206.08),(200,64,'3452357109312',3,000000047.38),(201,64,'3582052795300',1,000000205.08),(202,64,'3276763510362',1,000000083.85),(203,64,'7404622916029',3,0000000151.2),(204,65,'4857461732203',3,000000093.24),(205,65,'7681411421104',1,000000035.37),(206,65,'8087655812906',1,000000188.22),(207,66,'3101320700392',3,000000176.06),(208,66,'3999419466503',2,000000058.48),(209,66,'5136780210382',2,000000049.47),(210,67,'8556208518205',3,000000099.59),(211,67,'9477066594455',2,000000014.79),(212,67,'6336646426672',2,0000000086.1),(213,67,'7909934202052',2,000000159.95),(214,68,'8706874801135',3,000000145.03),(215,68,'3542683305755',3,000000063.93),(216,68,'8517794394499',3,000000034.13),(217,69,'6449732144112',1,000000142.69),(218,69,'4115924825496',3,000000041.66),(219,69,'4010377000990',3,000000105.82),(220,70,'7457792382470',3,000000083.47),(221,70,'1626935887374',2,000000126.15),(222,71,'3663765160943',2,000000031.63),(223,71,'2387595505798',3,000000210.29),(224,71,'8936318713022',1,0000000088.7),(225,71,'9692601234263',1,000000081.85),(226,72,'2514394712196',1,000000079.73),(227,72,'8830068226488',3,000000171.92),(228,73,'3507824749034',3,000000033.71),(229,73,'8847307098230',2,000000140.49),(230,73,'8606100367186',2,000000175.58),(231,73,'6064838246490',2,000000058.79),(232,74,'4640885800312',3,0000000105.4),(233,74,'7236079623107',2,000000176.07),(234,74,'5895879122663',3,0000000195.4),(235,75,'7969327430409',3,000000130.99),(236,75,'7048311506408',1,000000101.33),(237,76,'3644679359531',2,000000161.15),(238,76,'9427016483968',3,000000023.69),(239,77,'1153368787372',1,000000074.24),(240,77,'2297153740945',2,000000196.19),(241,77,'1545755206757',3,0000000089.6),(242,77,'4978344860978',2,000000183.31),(243,78,'3577835508026',2,000000057.22),(244,79,'6176674682204',3,0000000031.3),(245,79,'4403704116271',1,000000135.99),(246,79,'2560645663440',3,000000033.83),(247,80,'3798804021291',3,000000061.45),(248,80,'3413132279985',1,000000022.68),(249,80,'1859437330425',2,000000102.02),(250,80,'5304566570670',3,000000130.35),(251,80,'1441026072784',2,000000041.79),(252,81,'1370840277966',1,0000000194.7),(253,81,'8808932839773',3,000000161.42),(254,81,'1368306310095',2,000000139.25),(255,82,'8637997494171',1,000000098.89),(256,82,'9451047770650',1,000000036.48),(257,83,'9543992134421',1,0000000087.4),(258,84,'7816488627238',3,000000054.42),(259,84,'6692280156032',2,000000000029),(260,84,'3030960294819',2,000000205.48),(261,84,'2106212994171',2,000000022.99),(262,85,'9231078762916',1,000000047.71),(263,85,'4563824886815',1,000000065.05),(264,85,'1592004684490',1,000000107.53),(265,85,'4927176191548',2,000000150.32),(266,86,'5635530791152',3,000000033.09),(267,87,'6826789578136',1,000000195.36),(268,87,'4962767948179',2,000000129.98),(269,87,'7804409417685',3,000000065.32),(270,87,'4018528285365',1,000000009.49),(271,87,'8342977979713',1,000000194.15),(272,88,'6963797694397',3,000000173.35),(273,89,'3463271481243',3,000000176.24),(274,89,'3008958838094',1,000000170.96),(275,89,'5624972033553',2,000000213.63),(276,90,'2433030419850',1,000000104.96),(277,90,'7270547621952',2,000000032.81),(278,90,'5744693526748',1,000000017.09),(279,90,'1217115057348',3,000000203.65),(280,91,'4643099680318',3,000000030.15),(281,92,'6370444637757',3,000000020.93),(282,93,'9118963755177',3,000000128.38),(283,93,'5235241555514',1,000000144.84),(284,93,'3597640286846',1,000000159.16),(285,94,'4238456909192',2,000000030.79),(286,95,'3636356534288',1,000000055.18),(287,95,'9553227798060',1,000000057.93),(288,96,'5905267589109',2,000000169.43),(289,96,'6019442485720',1,000000213.34),(290,96,'6981046314008',1,0000000039.5),(291,96,'7131980026497',1,000000220.68),(292,96,'2799960168508',1,000000126.47),(293,97,'3532324470244',1,000000154.85),(294,97,'4856107518255',3,000000143.23),(295,97,'7191248935549',1,000000162.42),(296,97,'3446800800943',1,000000150.25),(297,98,'3182486021250',2,000000054.95),(298,98,'8447431959383',3,000000018.62),(299,98,'7628551300693',2,000000081.14),(300,98,'6053764154876',1,0000000019.7),(301,99,'7182549144537',2,000000054.91),(302,99,'9319795239688',3,000000059.28),(303,99,'7795560645244',2,0000000039.3),(304,99,'2948887681796',1,0000000126.1),(305,99,'5368665734430',1,000000029.46),(306,100,'3276148450170',2,000000164.67);
/*!40000 ALTER TABLE `order_items` ENABLE KEYS */;
UNLOCK TABLES;
/*!40103 SET TIME_ZONE=@OLD_TIME_ZONE */;

/*!40101 SET SQL_MODE=@OLD_SQL_MODE */;
/*!40014 SET FOREIGN_KEY_CHECKS=@OLD_FOREIGN_KEY_CHECKS */;
/*!40014 SET UNIQUE_CHECKS=@OLD_UNIQUE_CHECKS */;
/*!40101 SET CHARACTER_SET_CLIENT=@OLD_CHARACTER_SET_CLIENT */;
/*!40101 SET CHARACTER_SET_RESULTS=@OLD_CHARACTER_SET_RESULTS */;
/*!40101 SET COLLATION_CONNECTION=@OLD_COLLATION_CONNECTION */;
/*!40111 SET SQL_NOTES=@OLD_SQL_NOTES */;

-- Dump completed on 2020-07-13 12:26:50
